{
    "communaute": [
      {
        "id": 1,
        "name": "stage",
        "description": "hweguyweyiy3r2i",
        "postes": [
          {
            "id": 1,
            "description": "reuirheuiwreuiuiuq3",
            "photo": "img.png",
            "user": {
              "id": 1,
              "firstName": "safae",
              "lastName": "Lab"
            }
          },
          {
            "id": 2,
            "description": "reuirheuiwreuiuiuq3",
            "photo": "img.png",
            "user": {
              "id": 1,
              "firstName": "safae",
              "lastName": "Lab"
            }
          }
        ]
      }
    ]
  }
