{
  "hash": "7f5b6f52",
  "configHash": "1453d695",
  "lockfileHash": "4e937ad5",
  "browserHash": "212f86a4",
  "optimized": {
    "@angular/common": {
      "src": "../../../../../../node_modules/@angular/common/fesm2022/common.mjs",
      "file": "@angular_common.js",
      "fileHash": "61eb671a",
      "needsInterop": false
    },
    "@angular/common/http": {
      "src": "../../../../../../node_modules/@angular/common/fesm2022/http.mjs",
      "file": "@angular_common_http.js",
      "fileHash": "32bfe9df",
      "needsInterop": false
    },
    "@angular/core": {
      "src": "../../../../../../node_modules/@angular/core/fesm2022/core.mjs",
      "file": "@angular_core.js",
      "fileHash": "0ee7aaa2",
      "needsInterop": false
    },
    "@angular/forms": {
      "src": "../../../../../../node_modules/@angular/forms/fesm2022/forms.mjs",
      "file": "@angular_forms.js",
      "fileHash": "37ef042f",
      "needsInterop": false
    },
    "@angular/material/button": {
      "src": "../../../../../../node_modules/@angular/material/fesm2022/button.mjs",
      "file": "@angular_material_button.js",
      "fileHash": "68af6410",
      "needsInterop": false
    },
    "@angular/material/icon": {
      "src": "../../../../../../node_modules/@angular/material/fesm2022/icon.mjs",
      "file": "@angular_material_icon.js",
      "fileHash": "d2507c0b",
      "needsInterop": false
    },
    "@angular/platform-browser": {
      "src": "../../../../../../node_modules/@angular/platform-browser/fesm2022/platform-browser.mjs",
      "file": "@angular_platform-browser.js",
      "fileHash": "e25e8a16",
      "needsInterop": false
    },
    "@angular/platform-server": {
      "src": "../../../../../../node_modules/@angular/platform-server/fesm2022/platform-server.mjs",
      "file": "@angular_platform-server.js",
      "fileHash": "a694c0cf",
      "needsInterop": false
    },
    "@angular/router": {
      "src": "../../../../../../node_modules/@angular/router/fesm2022/router.mjs",
      "file": "@angular_router.js",
      "fileHash": "8ad9183f",
      "needsInterop": false
    },
    "@fullcalendar/angular": {
      "src": "../../../../../../node_modules/@fullcalendar/angular/fesm2015/fullcalendar-angular.mjs",
      "file": "@fullcalendar_angular.js",
      "fileHash": "660fa189",
      "needsInterop": false
    },
    "@fullcalendar/daygrid": {
      "src": "../../../../../../node_modules/@fullcalendar/daygrid/index.js",
      "file": "@fullcalendar_daygrid.js",
      "fileHash": "7326303c",
      "needsInterop": false
    },
    "@fullcalendar/interaction": {
      "src": "../../../../../../node_modules/@fullcalendar/interaction/index.js",
      "file": "@fullcalendar_interaction.js",
      "fileHash": "996df24b",
      "needsInterop": false
    },
    "@fullcalendar/timegrid": {
      "src": "../../../../../../node_modules/@fullcalendar/timegrid/index.js",
      "file": "@fullcalendar_timegrid.js",
      "fileHash": "03753cb5",
      "needsInterop": false
    },
    "rxjs": {
      "src": "../../../../../../node_modules/rxjs/dist/cjs/index.js",
      "file": "rxjs.js",
      "fileHash": "7cf743c9",
      "needsInterop": true
    }
  },
  "chunks": {
    "xhr2-ISERFGGE": {
      "file": "xhr2-ISERFGGE.js"
    },
    "chunk-WRCJG6CJ": {
      "file": "chunk-WRCJG6CJ.js"
    },
    "chunk-MGCYDESQ": {
      "file": "chunk-MGCYDESQ.js"
    },
    "chunk-HTY7NTQM": {
      "file": "chunk-HTY7NTQM.js"
    },
    "chunk-AUVTLKCH": {
      "file": "chunk-AUVTLKCH.js"
    },
    "chunk-423NJ3L7": {
      "file": "chunk-423NJ3L7.js"
    },
    "chunk-LMIDRGFX": {
      "file": "chunk-LMIDRGFX.js"
    },
    "chunk-2H3L6IVL": {
      "file": "chunk-2H3L6IVL.js"
    },
    "chunk-7I4WBTDV": {
      "file": "chunk-7I4WBTDV.js"
    },
    "chunk-P7NFZCEM": {
      "file": "chunk-P7NFZCEM.js"
    },
    "chunk-NQ4HTGF6": {
      "file": "chunk-NQ4HTGF6.js"
    }
  }
}